VendorNumber,VendorName,PurchaseAmount,PurchaseQty,AvgPurchasePrice,ContributionPct
2,"IRA GOLDMAN AND WILLIAMS, LLP          ",5630.88,328,18.583076923076923,0.0017492595864843394
54,AAPER ALCOHOL & CHEMICAL CO,105.07,1,105.07,3.264049398174167e-05
60,ADAMBA IMPORTS INTL INC    ,76770.25,4732,16.230878594249198,0.02384904238223854
105,ALTAMAR BRANDS LLC         ,11706.199999999999,332,35.27280701754386,0.003636586567517505
200,AMERICAN SPIRITS EXCHANGE  ,1205.16,132,9.18,0.00037438867161926137
287,APPOLO VINEYARDS LLC       ,2399.7,230,10.435,0.0007454781898542446
388,ATLANTIC IMPORTING COMPANY ,41116.32,1847,22.49187969924812,0.012772979875429375
480,BACARDI USA INC            ,17624378.72,1427075,14.256138971757073,5.475096864396078
516,BANFI PRODUCTS CORP        ,1628866.68,228103,7.386992769034454,0.5060151619453653
653,STATE WINE & SPIRITS   ,1529682.04,154092,11.007560932842365,0.4752029829694329
660,SAZERAC NORTH AMERICA INC. ,3537977.55,503931,7.692053707827944,1.099089511071782
1003,BRONCO WINE COMPANY        ,2071.9,433,5.227142857142857,0.0006436455646785054
1128,BROWN-FORMAN CORP          ,13529433.08,1006122,18.29849777404452,4.202982573751942
1189,BULLY BOY DISTILLERS       ,117928.22,5382,22.004089068825913,0.036634961027767275
1265,BLACK ROCK SPIRITS LLC     ,1152.1,82,14.049999999999999,0.00035790533088764226
1273,CALEDONIA SPIRITS INC      ,259604.7,8202,31.119832699619774,0.08064743169298422
1392,CONSTELLATION BRANDS INC   ,15573917.9,2325892,7.096472889521162,4.838111482698095
1439,CAPSTONE INTERNATIONAL     ,54.64,4,13.66,1.6974175227585084e-05
1485,CASTLE BRANDS CORP.        ,1679383.91,105220,15.756810653918388,0.5217085791128656
1587,VINEYARD BRANDS INC        ,1196162.81,171919,7.507742096091611,0.37159365186055204
1587,VINEYARD BRANDS LLC        ,10951.51,371,31.288260869565217,0.0034021385385550936
1590,DIAGEO CHATEAU ESTATE WINES,1365472.83,187841,7.347215927484623,0.42419061282808385
1601,VRANKEN AMERICA            ,208330.15,13094,17.097593643586833,0.06471874947454401
1650,Circa Wines                ,42554.34,3320,13.109098712446352,0.013219707610802215
1655,FABRIZIA SPIRITS LLC       ,358390.62,28071,12.441819656179046,0.11133574640927635
1703,ALISA CARR BEVERAGES           ,34951.68,438,98.81031746031746,0.010857905212636914
2000,SOUTHERN GLAZERS W&S OF NE ,40803.92,4198,15.433854166666668,0.012675931333315583
2000,SOUTHERN WINE & SPIRITS NE ,3699813.46,402677,10.153071772897697,1.149364604308526
2242,DELICATO VINEYARDS INC     ,1561444.6300000001,192642,9.725495714285714,0.48507018224362664
2396,BLACK PRINCE DISTILLERY INC,5971.94,807,7.4547058823529415,0.0018552114935692617
2450,DJINN SPIRITS LLC          ,48830.78,2637,19.338258928571427,0.015169513474005438
2496,DUGGANS DISTILLED PRODUCTS ,184296.5,18814,14.760224538893343,0.057252582079623617
2555,DISARONNO INTERNATIONAL LLC,1141947.85,103095,16.20870798012277,0.3547515173254768
2561,EDRINGTON AMERICAS         ,1882832.84,62542,33.597710775314226,0.5849109544365241
2876,CENTEUR IMPORTS LLC        ,6237.08,771,8.35588785046729,0.0019375784924682718
3089,SIDNEY FRANK IMPORTING CO  ,1715908.8800000001,186464,14.52981144934121,0.5330552343281345
3252,E & J GALLO WINERY         ,12289608.09,1858260,7.2583027305664745,3.817825058528683
3551,GILMANTON WINERY & VINEYARD,5393.04,516,10.451627906976745,0.001675373462104236
3664,WILLIAM GRANT & SONS INC   ,5960744.35,302685,25.688422823496424,1.8517335117814375
3924,HEAVEN HILL DISTILLERIES   ,2816661.94,352348,10.460230204030147,0.875009394700398
3950,"HOOD RIVER DISTILLERS, Inc.",24035.96,1137,20.68481927710843,0.007466885007379685
3951,HIGHLAND WINE MERCHANTS LLC,5500.32,372,15.225,0.0017087005030708416
3960,DIAGEO NORTH AMERICA INC   ,50959796.85,5459788,16.10717112022554,15.830902659114903
4380,CHARLES JACQUIN ET CIE INC ,329637.62,43947,8.510146646538711,0.10240349054692725
4425,MARTIGNETTI COMPANIES,27821473.91,2637275,11.075877373404275,8.64287286306784
4425,MARTIGNETTI COMPANIES ,40216.11,3136,14.387993197278911,0.012493325368079003
4466,AMERICAN VINTAGE BEVERAGE  ,156357.28,15778,9.896587591240875,0.04857313083507658
4550,KLIN SPIRITS LLC           ,103484.29,6840,16.097123595505618,0.03214788564718577
4692,KOBRAND CORPORATION        ,1808146.33,161002,12.357903472931563,0.5617092357711363
4848,LAIRD & CO                 ,203011.58,21422,11.531717583163612,0.06306651047124646
4901,LAUREATE IMPORTS CO        ,140.94,29,4.86,4.378367965914791e-05
4950,LATITUDE BEVERAGE COMPANY  ,316446.76,53090,5.968420351624934,0.09830568730676359
5083,LOYAL DOG WINERY           ,2320.8,240,9.67,0.0007209675305303709
5270,MANGO BOTTLING INC         ,204510.38,28414,7.2007830188679245,0.06353211980197679
5455,MARSALLE COMPANY           ,185311.19,7158,27.50803628601921,0.057567800342099434
5612,MILTONS DISTRIBUTING CO    ,1824.18,267,6.814782608695652,0.0005666901714248931
5992,MCCORMICK DISTILLING CO    ,310552.87,29788,10.868016304347826,0.09647472241598555
6213,MHW LTD                    ,1888333.01,215201,16.544299360769948,0.5866196083413832
6215,MOONLIGHT MEADERY          ,71357.59,7967,8.963788546255508,0.022167573874051483
6280,UNCORKED       ,2966.31,243,12.386875,0.0009214982745120408
6355,NICHE W & S                ,111031.77,9277,16.571154822335025,0.03449254611656158
6359,OLE SMOKY DISTILLERY LLC   ,387622.69,110162,9.153028933092225,0.12041682763996875
6785,PALM BAY INTERNATIONAL INC ,2693984.33,375697,7.775669917864476,0.8368990131366837
6830,PARK STREET IMPORTS LLC    ,69459.42,4349,15.253445945945945,0.021577898358097144
7153,PINE STATE TRADING CO      ,3129071.59,424427,9.45215090841676,0.9720609346324719
7154,PREMIER DISTRIBUTORS       ,84530.87,5916,14.910987791342954,0.026259915803810673
7239,REMY COINTREAU USA INC     ,3354958.2800000003,142363,30.568376756671405,1.0422337065511982
7240,"PREMIUM PORT WINES, INC.   ",59760.740000000005,8167,7.357037572254335,0.01856495740282125
7245,PROXIMO SPIRITS INC.       ,7588029.9,682042,13.614282981357139,2.357257488190976
7255,PSP WINES ,128895.69,16493,7.569661277906081,0.04004205761604111
7749,R.P.IMPORTS INC            ,18776.87,498,42.20041095890411,0.005833123748272063
8004,SAZERAC CO INC             ,9916770.26,1417727,10.054367313740375,3.0806917292266562
8112,MOET HENNESSY USA INC      ,9472995.2,427867,29.689921460628312,2.9428309014434917
8150,SEA HAGG DISTILLERY LLC    ,188044.46,15412,12.848402366863905,0.05841690363500392
8320,SHAW ROSS INT L IMP LTD    ,624979.64,69127,10.40605482717521,0.19415289024584634
8352,LUXCO INC                  ,2051436.01,283260,9.741419379258137,0.6372883290980598
8663,STAR INDUSTRIES INC.       ,2452.29,151,15.90764705882353,0.000761815522856051
8664,"STOLI GROUP,(USA) LLC      ",3666478.72,314035,16.864493090710084,1.1390090091781089
8673,STE MICHELLE WINE ESTATES  ,3086650.7,419822,7.769933741983489,0.9588826838972944
8735,SURVILLE ENTERPRISES CORP  ,51325.77,6504,8.789880239520958,0.015944593954442345
8892,TRINCHERO FAMILY ESTATES   ,2252211.31,352526,6.232757356256199,0.6996601285777626
8920,TAKARA SAKE USA INC        ,45289.34,9066,7.19484396200814,0.014069348336414315
9099,TRUETT HURST               ,236.64,24,9.86,7.351333868696439e-05
9165,ULTRA BEVERAGE COMPANY LLP ,13210613.93,1077527,15.810002379989053,4.103939892236391
9206,PHILLIPS PRODUCTS CO.      ,430945.89,40054,12.504920698654889,0.13387538525745987
9260,TY KU LLC                  ,38921.47,3003,13.107091633466135,0.012091139309941363
9552,M S WALKER INC             ,10935817.3,1372841,8.68066999432584,3.397263526849495
9622,WEIN BAUER INC             ,43517.0,3014,16.942064676616912,0.013518762506933018
9625,WESTERN SPIRITS BEVERAGE CO,361249.21,56860,12.819943805191329,0.11222378095473429
9744,FREDERICK WILDMAN & SONS   ,759449.24,70932,11.46465528894897,0.23592650944759003
9751,VINEDREA WINES LLC         ,4657.599999999999,205,22.72,0.0014469055369692584
9815,WINE GROUP INC             ,5258636.79,888385,7.186432623979794,1.633620467270965
9819,TREASURY WINE ESTATES      ,2978686.4,497770,6.098832092929699,0.9253430618891763
10000,MAJESTIC FINE WINES        ,3506668.63,446119,8.22628882532992,1.0893632465354268
10050,Russian Standard Vodka     ,138907.27,12798,13.450226928895614,0.043152202440802936
10754,PERFECTA WINES             ,5665501.53,553116,12.378172622670494,1.7600149290331515
11567,CAMPARI AMERICA            ,4141720.71,501284,15.608735588009223,1.286645188053772
12331,STELLAR IMPORTING CO LLC   ,24560.08,3104,7.677066666666667,0.0076297053719529264
12546,JIM BEAM BRANDS COMPANY    ,24203151.05,2737165,12.880279562982006,7.518823700263725
17031,FLAG HILL WINERY & VINEYARD,300403.2,20608,15.42556330472103,0.09332167927758579
17032,JEWELL TOWNE VINEYARDS     ,54332.37,6630,8.190893470790378,0.01687860850860152
17033,SEA BREEZE CELLARS LLC     ,108948.09,8473,14.93959390862944,0.03384524103899543
17035,PERNOD RICARD USA          ,24124091.56,1647558,18.605831134074265,7.494263494614685
17037,Dunn Wine Brokers          ,72055.3,5448,14.010479233226837,0.02238432079568469
28750,SMOKY QUARTZ DISTILLERY LLC,69803.71,3197,21.82297101449275,0.0216848536800061
28776,TALL SHIP DISTILLERY LLC   ,48445.58,2236,21.43460966542751,0.015049849266507894
90010,VINEXTRA INC               ,102639.51,8530,11.682683229813664,0.03188545073231097
90011,FORTUNE WINE BROKERS LLC   ,46940.17,5072,10.363333333333335,0.014582186507917873
90017,THE IMPORTED GRAPE LLC     ,16093.77,2280,7.23046875,0.004999606003888214
90024,VINILANDIA USA             ,548855.37,59428,9.366863566233194,0.1705045246153193
90026,SILVER MOUNTAIN CIDERS     ,77.17999999999999,17,4.54,2.397633316370821e-05
90027,POVERTY LANE ORCHARDS      ,45269.01,5872,7.713468085106383,0.014063032725463057
90032,LABELLE VYDS AND WINERY    ,146839.55,12855,11.385788973384031,0.04561640285577857
90033,FANTASY FINE WINES CORP    ,128.64,24,5.36,3.996262630447557e-05
90037,THE PIERPONT GROUP LLC     ,5713.19,580,11.363709677419354,0.0017748295784862156
90046,CANDIA VINEYARDS           ,36588.01,2609,13.883628318584073,0.011366238890348377
90047,CRUSH WINES                ,287189.9,26349,12.39818093385214,0.08921690494496043
90051,FULCHINO VINEYARD INC      ,11147.77,949,11.776891891891893,0.0034631076386679384
90052,HAUNTING WHISPER VYDS      ,5388.58,669,8.069827586206896,0.0016739879419447369
90053,INCREDIBREW INC            ,24525.84,2786,8.807012987012987,0.0076190685535087
90056,SWEET BABY VINEYARD        ,140577.9,16805,8.36394113424264,0.04367119157624329
90057,WALPOLE MTN VIEW WINERY    ,9292.31,805,11.52918918918919,0.002886700186841895
90058,ZORVINO VINEYARDS          ,86122.71,10550,8.176139954853273,0.026754428451949013
90059,BLACK COVE BEVERAGES       ,14465.06,919,15.740000000000002,0.004493639515328183
98450,Serralles Usa LLC          ,168993.61,10463,14.83107355864811,0.05249866669989339
99166,STARK BREWING COMPANY      ,25961.04,1212,21.42,0.008064920242502664
172662,SWEETWATER FARM         ,34708.03,1629,21.097785234899327,0.010782214184192531
173357,TAMWORTH DISTILLING        ,41036.44,1990,20.88124183006536,0.012748164774456106
201359,FLAVOR ESSENCE INC         ,17.0,1,17.0,5.281130652799166e-06
